full name,display name,email
Abhishek Nair,Abhi,nairabhishek64X@gmail.com
Abnash,Abnash,abnashkbX@gmail.com
Adam McDonald,Adam McDonald,adam.mcdonaldX@mail.utoronto.ca
Adesh Sangione,Adesh Sangione,adesh.sangioneX@mail.utoronto.ca
Aditya Rao,Adi,adi.raoX@mail.utoronto.ca
Aditya Thanki,Aditya Thanki,aditya.thankiX@mail.utoronto.ca
Ahmed Kagzi,Ahmed Kagzi,ahmed.kagziX@mail.utoronto.ca
Akshat Gandhi,Akshat Gandhi,ak.gandhiX@mail.utoronto.ca
Alex Chen,Alex Chen,achen.phiX@gmail.com
